,username,profile_image_url
0,abhaysinh_chavd,https://pbs.twimg.com/profile_images/1521136413789417473/e4FfUPW9_normal.jpg
1,pengmeiling2,https://abs.twimg.com/sticky/default_profile_images/default_profile_normal.png
2,bng_gito,https://pbs.twimg.com/profile_images/1537916741942054913/NreaqQ9y_normal.jpg
3,SenuFoster,https://pbs.twimg.com/profile_images/1544818508126732290/QcYd9d6q_normal.jpg
4,AhmadTo87727088,https://pbs.twimg.com/profile_images/1530890357134618625/fsr2tRGh_normal.jpg
5,MirimoZachee,https://pbs.twimg.com/profile_images/1533514004492169216/nu43ADJd_normal.jpg
6,SS2face,https://pbs.twimg.com/profile_images/1522285478816407553/Wf2qao7J_normal.jpg
7,tiwarigaurav_,https://pbs.twimg.com/profile_images/1542548241937420290/XWbNOPlu_normal.jpg
8,Hyper_Hussam,https://pbs.twimg.com/profile_images/1392320654293315585/cC7PI8Si_normal.jpg
9,SiphesihleMoola,https://pbs.twimg.com/profile_images/1462893111378681857/IRCJcCni_normal.jpg
10,_Kataaaph,https://pbs.twimg.com/profile_images/1534626823300165633/bXhHV5K__normal.jpg
11,jccprimero,https://pbs.twimg.com/profile_images/871708971840802816/9vo42AWn_normal.jpg
12,dadeh_kav,https://pbs.twimg.com/profile_images/1512776599464288263/t9_lr3iU_normal.jpg
13,papitramdani,https://pbs.twimg.com/profile_images/1416361155149254658/7dNb2K4U_normal.jpg
14,meyor__1,https://pbs.twimg.com/profile_images/1543229630835990528/17YwY9xy_normal.jpg
15,qwn00TM4ftYq3Nm,https://pbs.twimg.com/profile_images/1518086603050151937/_pPLnVoM_normal.jpg
16,Huto25431,https://pbs.twimg.com/profile_images/1540851088181448704/6pEHs-QU_normal.jpg
17,DymuraVova,https://pbs.twimg.com/profile_images/1476205475377131520/K9O5ESE3_normal.jpg
18,Addict_58_,https://pbs.twimg.com/profile_images/1531326677237829632/NgLdGh6q_normal.jpg
19,sprgowtham,https://pbs.twimg.com/profile_images/1422044728195878913/TTJIeBkP_normal.jpg
20,___ahmed_ayman_,https://pbs.twimg.com/profile_images/1531388973079207938/F5ehtwM1_normal.jpg
21,MirceaMesesan,https://pbs.twimg.com/profile_images/1364120546238205956/zLfpT0mc_normal.jpg
22,quy68710380,https://pbs.twimg.com/profile_images/1521147937572548609/Q72720bQ_normal.jpg
23,SaishSankhe,https://pbs.twimg.com/profile_images/1470542646963847178/DoYOeiKq_normal.jpg
24,Vip_TKJ18,https://pbs.twimg.com/profile_images/1540245661689401344/E8qdn7Ri_normal.jpg
25,ryhu,https://pbs.twimg.com/profile_images/1159141848335577089/81J4ztJ0_normal.jpg
26,0xJsson,https://pbs.twimg.com/profile_images/1544374834410696704/m6wJTRaM_normal.jpg
27,sbunn5005,https://pbs.twimg.com/profile_images/1512459457908801544/whxbJP6h_normal.jpg
28,Emperor_of_Ever,https://pbs.twimg.com/profile_images/1524914611257999363/i4OzKZ4N_normal.jpg
29,harunurrashid97,https://pbs.twimg.com/profile_images/1403819077517283332/s1qv5iK1_normal.jpg
30,24hChillOutCats,https://pbs.twimg.com/profile_images/1514456071758561280/57YCb7IP_normal.jpg
31,Mugilan53764343,https://pbs.twimg.com/profile_images/1491921404786544640/FmLyn3k9_normal.jpg
32,MaxS7ar,https://pbs.twimg.com/profile_images/1544540287263019009/_6AbYs2L_normal.jpg
33,RocketJM,https://pbs.twimg.com/profile_images/1535899505186353152/Pem0a7qV_normal.jpg
34,khsiddiqui1979,https://pbs.twimg.com/profile_images/1484354052951461890/XJ7RvqTc_normal.jpg
35,serh_09,https://pbs.twimg.com/profile_images/1514675360243273732/flsTuAwx_normal.jpg
36,mr_boss_manu,https://pbs.twimg.com/profile_images/1390247323662393345/8MxPzVaQ_normal.jpg
37,yongwilliam289,https://pbs.twimg.com/profile_images/1511166501457653766/eaF-L4jS_normal.png
38,MarkizTheDemon,https://pbs.twimg.com/profile_images/1528121461126348802/378UBBpQ_normal.jpg
39,GIGACHAD2021,https://pbs.twimg.com/profile_images/1502351706755117063/KbRXBa81_normal.jpg
40,anteliznet,https://pbs.twimg.com/profile_images/1439944719275016195/ObCH3ouS_normal.jpg
41,miscouform0,https://pbs.twimg.com/profile_images/1162617743486717952/VnR3tpq-_normal.jpg
42,AMommoh,https://pbs.twimg.com/profile_images/1492333420155973633/7rFL_2bW_normal.png
43,NhanNgu96065938,https://pbs.twimg.com/profile_images/1509569246556086279/BxpCCE7q_normal.jpg
44,imadking2020,https://pbs.twimg.com/profile_images/1448840550233346051/T2-1v67d_normal.jpg
45,imadkalhi,https://pbs.twimg.com/profile_images/1528410122766233600/l_GPrVSa_normal.jpg
46,Sbama_belle23,https://pbs.twimg.com/profile_images/1458386355134808065/c8VdexF8_normal.jpg
47,Gardok112,https://pbs.twimg.com/profile_images/1512857666422460422/3NvsWsCa_normal.jpg
48,hmiXok,https://pbs.twimg.com/profile_images/1506454890914402308/VDVNGRpx_normal.jpg
49,PoloPanda5,https://pbs.twimg.com/profile_images/1495959455967576067/ogIRI2Iy_normal.jpg
50,SaiMeenu6,https://pbs.twimg.com/profile_images/1474257143859597313/45GdZb73_normal.jpg
51,robertsmeske,https://pbs.twimg.com/profile_images/1349485138682523657/ousOj3ub_normal.jpg
52,mtwn105,https://pbs.twimg.com/profile_images/1532754122016956425/5wXFAIX7_normal.jpg
53,laurotc,https://pbs.twimg.com/profile_images/1150878604529733632/OCsiNxJG_normal.jpg
54,WolfgangKarche5,https://pbs.twimg.com/profile_images/1479053081144868864/8oDNmAY7_normal.png
55,bidewtips,https://pbs.twimg.com/profile_images/1506339583637835787/IqDl2x1c_normal.png
56,AgbajeCity,https://pbs.twimg.com/profile_images/1372638708122464262/Ji6yFAiT_normal.jpg
57,jedi_roid,https://pbs.twimg.com/profile_images/1030688211486425088/1eGdtiXt_normal.jpg
58,BiBong88,https://pbs.twimg.com/profile_images/1541310308022890496/GKrLYQaU_normal.jpg
59,SaAboElSebah,https://pbs.twimg.com/profile_images/1545036401124577280/0skMNey8_normal.jpg
60,palomo_candido,https://pbs.twimg.com/profile_images/1504988884790398976/1wCet0F3_normal.jpg
61,AussieAsch,https://pbs.twimg.com/profile_images/1057273641728040961/EdgT5j51_normal.jpg
62,cruukz,https://pbs.twimg.com/profile_images/1507182255420157961/H4KCCIj7_normal.jpg
63,whimchic,https://pbs.twimg.com/profile_images/799038275033960448/mFl_8rdM_normal.jpg
64,AndrewNation13,https://pbs.twimg.com/profile_images/1540687566583635969/Cq2ga2UQ_normal.jpg
65,Ahmetzt41783657,https://pbs.twimg.com/profile_images/1503824763000692741/jgmKOEqH_normal.jpg
66,josipmand,https://pbs.twimg.com/profile_images/1284848222314389507/fcEAbcVU_normal.jpg
67,IncMedium,
68,FelloCastillo1,https://pbs.twimg.com/profile_images/1499509054204428303/ETILqZqa_normal.png
69,McmoneyMoni,https://pbs.twimg.com/profile_images/1339018763316899842/Z3MkBDok_normal.jpg
70,WaelAlfhydy,https://pbs.twimg.com/profile_images/1521156566703083520/ZOgLdVLN_normal.jpg
71,alqadywlyd43,https://pbs.twimg.com/profile_images/1422951312015216644/tpQDkgUC_normal.jpg
72,Jefinafita17,https://pbs.twimg.com/profile_images/1541571408228139013/fByKuvSM_normal.jpg
73,Aryxon3,https://pbs.twimg.com/profile_images/1478409927991316481/tAQ0ksc7_normal.jpg
74,sadamnalamin,https://pbs.twimg.com/profile_images/1494204887126749184/Xf2ImeaQ_normal.jpg
75,HaticeDenizAVCI,https://pbs.twimg.com/profile_images/1541782580793692162/qRy2j2vt_normal.jpg
76,Eli_Krumova,https://pbs.twimg.com/profile_images/1361638888427683840/HqNlplM__normal.jpg
77,hural_lvs,https://pbs.twimg.com/profile_images/1393554027590336518/bchT-VJZ_normal.jpg
78,ddudacostaa,https://pbs.twimg.com/profile_images/1297641363144609792/_M91iVmy_normal.jpg
79,ahballahalrahma,https://pbs.twimg.com/profile_images/1250885613252902919/RH2lr561_normal.jpg
80,1Modelhub,https://pbs.twimg.com/profile_images/1499923465834577920/JmMz6QUO_normal.jpg
81,2Cool2Q_app,https://pbs.twimg.com/profile_images/1443546650954317826/4McvmyuX_normal.png
82,alt_pod,https://pbs.twimg.com/profile_images/1514537174376775681/6Zpzjj3A_normal.jpg
83,Hetendra3,https://pbs.twimg.com/profile_images/1537866609292976128/xzxL2_iX_normal.jpg
84,Itsnatixo1,https://abs.twimg.com/sticky/default_profile_images/default_profile_normal.png
