,author_id,profile_image_url
0,SenuFoster,https://pbs.twimg.com/profile_images/1544818508126732290/QcYd9d6q_normal.jpg
1,Hyper_Hussam,https://pbs.twimg.com/profile_images/1392320654293315585/cC7PI8Si_normal.jpg
2,alqadywlyd43,https://pbs.twimg.com/profile_images/1422951312015216644/tpQDkgUC_normal.jpg
3,qwn00TM4ftYq3Nm,https://pbs.twimg.com/profile_images/1518086603050151937/_pPLnVoM_normal.jpg
4,ahballahalrahma,https://pbs.twimg.com/profile_images/1250885613252902919/RH2lr561_normal.jpg
5,MirceaMesesan,https://pbs.twimg.com/profile_images/1364120546238205956/zLfpT0mc_normal.jpg
6,quy68710380,https://pbs.twimg.com/profile_images/1521147937572548609/Q72720bQ_normal.jpg
7,ryhu,https://pbs.twimg.com/profile_images/1159141848335577089/81J4ztJ0_normal.jpg
8,MaxS7ar,https://pbs.twimg.com/profile_images/1544540287263019009/_6AbYs2L_normal.jpg
9,khsiddiqui1979,https://pbs.twimg.com/profile_images/1484354052951461890/XJ7RvqTc_normal.jpg
10,serh_09,https://pbs.twimg.com/profile_images/1514675360243273732/flsTuAwx_normal.jpg
11,Micheal17587959,https://pbs.twimg.com/profile_images/1512104643299524621/Fftc9mKq_normal.jpg
12,GIGACHAD2021,https://pbs.twimg.com/profile_images/1502351706755117063/KbRXBa81_normal.jpg
13,AndrewNation13,https://pbs.twimg.com/profile_images/1540687566583635969/Cq2ga2UQ_normal.jpg
14,anteliznet,https://pbs.twimg.com/profile_images/1439944719275016195/ObCH3ouS_normal.jpg
15,gkiyer12345,https://pbs.twimg.com/profile_images/1538154104089976834/f3_d9Cyy_normal.jpg
16,AMommoh,https://pbs.twimg.com/profile_images/1492333420155973633/7rFL_2bW_normal.png
17,PoloPanda5,https://pbs.twimg.com/profile_images/1495959455967576067/ogIRI2Iy_normal.jpg
18,Gardok112,https://pbs.twimg.com/profile_images/1512857666422460422/3NvsWsCa_normal.jpg
19,jedi_roid,https://pbs.twimg.com/profile_images/1030688211486425088/1eGdtiXt_normal.jpg
20,asha__yasha,https://pbs.twimg.com/profile_images/1311703025094815744/M1S6EaY7_normal.jpg
21,GlendyPowa,https://pbs.twimg.com/profile_images/1501171115867406340/FvUWLf2__normal.png
22,McmoneyMoni,https://pbs.twimg.com/profile_images/1339018763316899842/Z3MkBDok_normal.jpg
23,Aryxon3,https://pbs.twimg.com/profile_images/1478409927991316481/tAQ0ksc7_normal.jpg
24,1Modelhub,https://pbs.twimg.com/profile_images/1499923465834577920/JmMz6QUO_normal.jpg
25,STURANUS6666,https://pbs.twimg.com/profile_images/1499392582668865538/kb3mLkpf_normal.jpg
26,annmchugh17,https://pbs.twimg.com/profile_images/1450166007864115206/YRGOaYX8_normal.png
27,S28745000Morgan,https://pbs.twimg.com/profile_images/1498053609086500867/haOVdD5E_normal.jpg
28,AshleyYMoore13,https://pbs.twimg.com/profile_images/1291613729726095362/082sIfoi_normal.jpg
29,Brittany_Long30,https://pbs.twimg.com/profile_images/1230378896949960705/3WAgUS0i_normal.jpg
30,DanaXBrown58,https://pbs.twimg.com/profile_images/1239054494119403521/MAdfRpoj_normal.jpg
31,ToriWYoung20,https://pbs.twimg.com/profile_images/1267633027179560960/WP-NRO4b_normal.jpg
32,Faiagerasimov52,https://pbs.twimg.com/profile_images/1215814016813191168/F2z7bvw__normal.jpg
33,JuliusAyoola1,https://pbs.twimg.com/profile_images/1499843037605867527/P_GZGAbw_normal.jpg
34,KimWhite39,https://pbs.twimg.com/profile_images/1224932371369250816/NoeL5JPO_normal.jpg
35,Michaelfg76,https://pbs.twimg.com/profile_images/1544360706178416641/DvBwPV5W_normal.jpg
36,NataliiaNikol51,https://pbs.twimg.com/profile_images/1215819120991768576/II5JJUOD_normal.jpg
37,KeithKeller,https://pbs.twimg.com/profile_images/1520172291292012544/9q8kF61H_normal.jpg
38,verissimohenry,https://pbs.twimg.com/profile_images/1415244162274836481/sdqyb2Pl_normal.jpg
39,leanneocampo02,https://pbs.twimg.com/profile_images/1261780913479987201/2nziGdbO_normal.jpg
40,SamanthaWHarr47,https://pbs.twimg.com/profile_images/1239059907007205377/8te1JCh8_normal.jpg
41,Andy68140,https://pbs.twimg.com/profile_images/1544885808762683395/etI6Vpb5_normal.jpg
42,MissyThiry49,https://pbs.twimg.com/profile_images/1239054954947645440/oA_m5FTN_normal.jpg
43,ViolaSt63474057,https://pbs.twimg.com/profile_images/1486599381088415744/jBfjbLQ__normal.jpg
44,KaylaWThomas25,https://abs.twimg.com/sticky/default_profile_images/default_profile_normal.png
45,OkunugaAminat,https://pbs.twimg.com/profile_images/1351912498044268548/ah72MG4b_normal.jpg
46,AnneliseRanna,https://pbs.twimg.com/profile_images/1485178496502665219/oor1auLm_normal.jpg
47,Menqianbridge,https://pbs.twimg.com/profile_images/1485122007398326273/sudI0LE7_normal.jpg
